<?xml version="1.0" encoding="UTF-8"?><idempiere Name="2Pack_11.0.1" Version="11.0.1" idempiereVersion="" DataBaseVersion="" Description="" Author="" AuthorEmail="" CreatedDate="2024-10-04 12:52:20.209" UpdatedDate="2024-10-04 12:52:20.209" PackOutVersion="100" UpdateDictionary="false" Client="0-SYSTEM-System" AD_Client_UU="11237b53-9592-4af1-b3c5-afd216514b5d">
    <AD_Element type="table">
        <AD_Client_ID>0</AD_Client_ID>
        <AD_Org_ID>0</AD_Org_ID>
        <IsActive>Y</IsActive>
        <ColumnName>PAT_ReferenceNo</ColumnName>
        <Name>Reference No</Name>
        <Description/>
        <Help>The Leitweg-ID must be transmitted as a mandatory requirement for electronic invoicing to public contracting authorities in the federal administration.</Help>
        <PrintName>Reference No</PrintName>
        <PO_Description/>
        <PO_Help/>
        <PO_Name/>
        <PO_PrintName/>
        <EntityType>U</EntityType>
        <AD_Element_UU>eca52bd2-cb46-4396-a9c2-4a5cd17741f1</AD_Element_UU>
        <Placeholder/>
        <AD_Element_Trl type="translation">
            <Description/>
            <Help>Die Leitweg-ID ist ein Kennzeichen einer elektronischen Rechnung zur eindeutigen Adressierung von öffentlichen Auftraggebern in Deutschland (Beispiele: Behörden, Kommunen, Ministerien). </Help>
            <Name>Leitweg-ID</Name>
            <Placeholder/>
            <PO_Description/>
            <PO_Help/>
            <PO_Name/>
            <PO_PrintName/>
            <PrintName>Leitweg-ID</PrintName>
            <AD_Language>de_DE</AD_Language>
            <IsActive>Y</IsActive>
            <IsTranslated>Y</IsTranslated>
        </AD_Element_Trl>
        <AD_Element_Trl type="translation">
            <Description/>
            <Help>The Leitweg-ID must be transmitted as a mandatory requirement for electronic invoicing to public contracting authorities in the federal administration.</Help>
            <Name>Reference No</Name>
            <Placeholder/>
            <PO_Description/>
            <PO_Help/>
            <PO_Name/>
            <PO_PrintName/>
            <PrintName>Reference No</PrintName>
            <AD_Language>en_US</AD_Language>
            <IsActive>Y</IsActive>
            <IsTranslated>Y</IsTranslated>
        </AD_Element_Trl>
    </AD_Element>
    <AD_Process_Para type="table">
        <AD_Client_ID>0</AD_Client_ID>
        <AD_Org_ID>0</AD_Org_ID>
        <IsActive>Y</IsActive>
        <Name>Reference No</Name>
        <Description/>
        <Help>The Leitweg-ID must be transmitted as a mandatory requirement for electronic invoicing to public contracting authorities in the federal administration.</Help>
        <AD_Process_ID reference="uuid" reference-key="AD_Process">c22a9bc3-bda2-482b-873b-d596e13b13d5</AD_Process_ID>
        <SeqNo>30</SeqNo>
        <AD_Reference_ID reference="id">10</AD_Reference_ID>
        <AD_Reference_Value_ID reference="id"/>
        <IsRange>N</IsRange>
        <AD_Val_Rule_ID reference="id"/>
        <FieldLength>40</FieldLength>
        <IsMandatory>N</IsMandatory>
        <DefaultValue>@SQL=SELECT ReferenceNo FROM C_BPartner WHERE C_BPartner_ID=@C_BPartner_ID@</DefaultValue>
        <VFormat/>
        <ValueMin/>
        <ValueMax/>
        <ColumnName>PAT_ReferenceNo</ColumnName>
        <DefaultValue2/>
        <IsCentrallyMaintained>Y</IsCentrallyMaintained>
        <EntityType>U</EntityType>
        <AD_Element_ID reference="uuid" reference-key="AD_Element">eca52bd2-cb46-4396-a9c2-4a5cd17741f1</AD_Element_ID>
        <ReadOnlyLogic/>
        <DisplayLogic/>
        <AD_Process_Para_UU>02cd9560-e77a-4135-baea-bf973f3b20c0</AD_Process_Para_UU>
        <IsEncrypted>N</IsEncrypted>
        <MandatoryLogic/>
        <Query/>
        <AD_FieldGroup_ID reference="id"/>
        <Placeholder/>
        <Placeholder2/>
        <IsAutocomplete>N</IsAutocomplete>
        <DateRangeOption>D</DateRangeOption>
        <IsShowNegateButton>N</IsShowNegateButton>
        <AD_Process_Para_Trl type="translation">
            <Description/>
            <Help>Die Leitweg-ID ist ein Kennzeichen einer elektronischen Rechnung zur eindeutigen Adressierung von öffentlichen Auftraggebern in Deutschland (Beispiele: Behörden, Kommunen, Ministerien). </Help>
            <Name>Leitweg-ID</Name>
            <Placeholder/>
            <Placeholder2/>
            <AD_Language>de_DE</AD_Language>
            <IsActive>Y</IsActive>
            <IsTranslated>N</IsTranslated>
        </AD_Process_Para_Trl>
        <AD_Process_Para_Trl type="translation">
            <Description/>
            <Help/>
            <Name>Reference No.</Name>
            <Placeholder/>
            <Placeholder2/>
            <AD_Language>en_US</AD_Language>
            <IsActive>Y</IsActive>
            <IsTranslated>N</IsTranslated>
        </AD_Process_Para_Trl>
    </AD_Process_Para>
</idempiere>
