<?xml version="1.0" encoding="UTF-8"?><idempiere Name="2Pack_11.0.2" Version="11.0.2" idempiereVersion="" DataBaseVersion="" Description="" Author="" AuthorEmail="" CreatedDate="2024-10-08 12:48:53.753" UpdatedDate="2024-10-08 12:48:53.753" PackOutVersion="100" UpdateDictionary="false" Client="0-SYSTEM-System" AD_Client_UU="11237b53-9592-4af1-b3c5-afd216514b5d">
    <AD_Element type="table">
        <AD_Client_ID>0</AD_Client_ID>
        <AD_Org_ID>0</AD_Org_ID>
        <IsActive>Y</IsActive>
        <ColumnName>PAT_ReferenceNo</ColumnName>
        <Name>Routing ID</Name>
        <Description/>
        <Help>The Leitweg-ID must be transmitted as a mandatory requirement for electronic invoicing to public contracting authorities in the federal administration.</Help>
        <PrintName>Routing ID</PrintName>
        <PO_Description/>
        <PO_Help/>
        <PO_Name/>
        <PO_PrintName/>
        <EntityType>U</EntityType>
        <AD_Element_UU>eca52bd2-cb46-4396-a9c2-4a5cd17741f1</AD_Element_UU>
        <Placeholder/>
        <AD_Element_Trl type="translation">
            <Description/>
            <Help>Die Leitweg-ID ist ein Kennzeichen einer elektronischen Rechnung zur eindeutigen Adressierung von öffentlichen Auftraggebern in Deutschland (Beispiele: Behörden, Kommunen, Ministerien).</Help>
            <Name>Leitweg-ID</Name>
            <Placeholder/>
            <PO_Description/>
            <PO_Help/>
            <PO_Name/>
            <PO_PrintName/>
            <PrintName>Leitweg-ID</PrintName>
            <AD_Language>de_DE</AD_Language>
            <IsActive>Y</IsActive>
            <IsTranslated>N</IsTranslated>
        </AD_Element_Trl>
        <AD_Element_Trl type="translation">
            <Description/>
            <Help>The Leitweg-ID must be transmitted as a mandatory requirement for electronic invoicing to public contracting authorities in the federal administration.</Help>
            <Name>Routing ID</Name>
            <Placeholder/>
            <PO_Description/>
            <PO_Help/>
            <PO_Name/>
            <PO_PrintName/>
            <PrintName>Routing ID</PrintName>
            <AD_Language>en_US</AD_Language>
            <IsActive>Y</IsActive>
            <IsTranslated>N</IsTranslated>
        </AD_Element_Trl>
    </AD_Element>
    <AD_Column type="table">
        <IsSyncDatabase>Y</IsSyncDatabase>
        <AD_Table_ID reference="id">291</AD_Table_ID>
        <AD_Reference_Value_ID reference="id"/>
        <AD_Client_ID>0</AD_Client_ID>
        <AD_Org_ID>0</AD_Org_ID>
        <Version>0</Version>
        <Name>Routing ID</Name>
        <Description/>
        <Help>The Leitweg-ID must be transmitted as a mandatory requirement for electronic invoicing to public contracting authorities in the federal administration.</Help>
        <AD_Val_Rule_ID reference="id"/>
        <ColumnName>PAT_ReferenceNo</ColumnName>
        <DefaultValue/>
        <FieldLength>40</FieldLength>
        <IsKey>N</IsKey>
        <IsParent>N</IsParent>
        <IsMandatory>N</IsMandatory>
        <IsTranslated>N</IsTranslated>
        <IsIdentifier>N</IsIdentifier>
        <SeqNo>0</SeqNo>
        <IsEncrypted>N</IsEncrypted>
        <AD_Reference_ID reference="id">10</AD_Reference_ID>
        <IsActive>Y</IsActive>
        <VFormat/>
        <Callout/>
        <AD_Element_ID reference="uuid" reference-key="AD_Element">eca52bd2-cb46-4396-a9c2-4a5cd17741f1</AD_Element_ID>
        <IsUpdateable>Y</IsUpdateable>
        <AD_Process_ID reference="id"/>
        <ValueMin/>
        <ValueMax/>
        <IsSelectionColumn>N</IsSelectionColumn>
        <ReadOnlyLogic/>
        <EntityType>U</EntityType>
        <IsAlwaysUpdateable>N</IsAlwaysUpdateable>
        <ColumnSQL/>
        <MandatoryLogic/>
        <IsAutocomplete>N</IsAutocomplete>
        <IsAllowLogging>Y</IsAllowLogging>
        <FormatPattern/>
        <AD_Chart_ID reference="id"/>
        <AD_Column_UU>10e5c6d5-2eee-49ee-9633-26775a2e3a1c</AD_Column_UU>
        <IsAllowCopy>Y</IsAllowCopy>
        <SeqNoSelection>0</SeqNoSelection>
        <IsToolbarButton>N</IsToolbarButton>
        <IsSecure>N</IsSecure>
        <FKConstraintName/>
        <FKConstraintType/>
        <PA_DashboardContent_ID reference="id"/>
        <Placeholder/>
        <IsHtml>N</IsHtml>
        <AD_Val_Rule_Lookup_ID reference="id"/>
        <AlwaysUpdatableLogic/>
        <AD_InfoWindow_ID reference="id"/>
        <FKConstraintMsg_ID reference="id"/>
        <PartitioningMethod/>
        <IsPartitionKey>N</IsPartitionKey>
        <SeqNoPartition/>
        <RangePartitionInterval/>
    </AD_Column>
    <AD_Field type="table">
        <AD_Client_ID>0</AD_Client_ID>
        <AD_Org_ID>0</AD_Org_ID>
        <Name>Routing ID</Name>
        <Description/>
        <Help>The Leitweg-ID must be transmitted as a mandatory requirement for electronic invoicing to public contracting authorities in the federal administration.</Help>
        <AD_Tab_ID reference="id">220</AD_Tab_ID>
        <AD_Column_ID reference="uuid" reference-key="AD_Column">10e5c6d5-2eee-49ee-9633-26775a2e3a1c</AD_Column_ID>
        <IsDisplayed>Y</IsDisplayed>
        <DisplayLogic/>
        <DisplayLength>40</DisplayLength>
        <SeqNo>710</SeqNo>
        <SortNo/>
        <IsSameLine>N</IsSameLine>
        <IsHeading>N</IsHeading>
        <IsFieldOnly>N</IsFieldOnly>
        <IsEncrypted>N</IsEncrypted>
        <IsActive>Y</IsActive>
        <IsReadOnly>N</IsReadOnly>
        <IsCentrallyMaintained>Y</IsCentrallyMaintained>
        <AD_FieldGroup_ID reference="id"/>
        <EntityType>U</EntityType>
        <ObscureType/>
        <AD_Reference_ID reference="id"/>
        <IsMandatory/>
        <DefaultValue/>
        <AD_Reference_Value_ID reference="id"/>
        <AD_Val_Rule_ID reference="id"/>
        <Included_Tab_ID reference="id"/>
        <AD_Field_UU>bd2f414b-eba2-40de-a1a9-3869870d042a</AD_Field_UU>
        <IsAllowCopy/>
        <IsDisplayedGrid>Y</IsDisplayedGrid>
        <SeqNoGrid>390</SeqNoGrid>
        <XPosition>1</XPosition>
        <ColumnSpan>2</ColumnSpan>
        <NumLines>1</NumLines>
        <IsQuickEntry>N</IsQuickEntry>
        <IsUpdateable/>
        <IsAlwaysUpdateable/>
        <MandatoryLogic/>
        <ReadOnlyLogic/>
        <IsToolbarButton/>
        <IsDefaultFocus>N</IsDefaultFocus>
        <IsAdvancedField>N</IsAdvancedField>
        <VFormat/>
        <AD_LabelStyle_ID reference="id"/>
        <AD_FieldStyle_ID reference="id"/>
        <IsQuickForm>N</IsQuickForm>
        <Placeholder/>
        <IsSelectionColumn/>
        <AD_Val_Rule_Lookup_ID reference="id"/>
        <ColumnSQL/>
        <AD_Chart_ID reference="id"/>
        <AlwaysUpdatableLogic/>
        <AD_Field_Trl type="translation">
            <Description/>
            <Help>Die Leitweg-ID ist ein Kennzeichen einer elektronischen Rechnung zur eindeutigen Adressierung von öffentlichen Auftraggebern in Deutschland (Beispiele: Behörden, Kommunen, Ministerien).</Help>
            <Name>Leitweg-ID</Name>
            <Placeholder/>
            <AD_Language>de_DE</AD_Language>
            <IsActive>Y</IsActive>
            <IsTranslated>N</IsTranslated>
        </AD_Field_Trl>
        <AD_Field_Trl type="translation">
            <Description/>
            <Help>The Leitweg-ID must be transmitted as a mandatory requirement for electronic invoicing to public contracting authorities in the federal administration.</Help>
            <Name>Routing ID</Name>
            <Placeholder/>
            <AD_Language>en_US</AD_Language>
            <IsActive>Y</IsActive>
            <IsTranslated>Y</IsTranslated>
        </AD_Field_Trl>
    </AD_Field>
    <AD_Process_Para type="table">
        <AD_Client_ID>0</AD_Client_ID>
        <AD_Org_ID>0</AD_Org_ID>
        <IsActive>Y</IsActive>
        <Name>Routing ID</Name>
        <Description/>
        <Help>The Leitweg-ID must be transmitted as a mandatory requirement for electronic invoicing to public contracting authorities in the federal administration.</Help>
        <AD_Process_ID reference="uuid" reference-key="AD_Process">c22a9bc3-bda2-482b-873b-d596e13b13d5</AD_Process_ID>
        <SeqNo>30</SeqNo>
        <AD_Reference_ID reference="id">10</AD_Reference_ID>
        <AD_Reference_Value_ID reference="id"/>
        <IsRange>N</IsRange>
        <AD_Val_Rule_ID reference="id"/>
        <FieldLength>40</FieldLength>
        <IsMandatory>N</IsMandatory>
        <DefaultValue>@SQL=SELECT PAT_ReferenceNo FROM C_BPartner WHERE C_BPartner_ID=@C_BPartner_ID@</DefaultValue>
        <VFormat/>
        <ValueMin/>
        <ValueMax/>
        <ColumnName>PAT_ReferenceNo</ColumnName>
        <DefaultValue2/>
        <IsCentrallyMaintained>Y</IsCentrallyMaintained>
        <EntityType>U</EntityType>
        <AD_Element_ID reference="uuid" reference-key="AD_Element">eca52bd2-cb46-4396-a9c2-4a5cd17741f1</AD_Element_ID>
        <ReadOnlyLogic/>
        <DisplayLogic/>
        <AD_Process_Para_UU>02cd9560-e77a-4135-baea-bf973f3b20c0</AD_Process_Para_UU>
        <IsEncrypted>N</IsEncrypted>
        <MandatoryLogic/>
        <Query/>
        <AD_FieldGroup_ID reference="id"/>
        <Placeholder/>
        <Placeholder2/>
        <IsAutocomplete>N</IsAutocomplete>
        <DateRangeOption>D</DateRangeOption>
        <IsShowNegateButton>N</IsShowNegateButton>
        <AD_Process_Para_Trl type="translation">
            <Description/>
            <Help>Die Leitweg-ID ist ein Kennzeichen einer elektronischen Rechnung zur eindeutigen Adressierung von öffentlichen Auftraggebern in Deutschland (Beispiele: Behörden, Kommunen, Ministerien).</Help>
            <Name>Leitweg-ID</Name>
            <Placeholder/>
            <Placeholder2/>
            <AD_Language>de_DE</AD_Language>
            <IsActive>Y</IsActive>
            <IsTranslated>N</IsTranslated>
        </AD_Process_Para_Trl>
        <AD_Process_Para_Trl type="translation">
            <Description/>
            <Help>The Leitweg-ID must be transmitted as a mandatory requirement for electronic invoicing to public contracting authorities in the federal administration.</Help>
            <Name>Routing ID</Name>
            <Placeholder/>
            <Placeholder2/>
            <AD_Language>en_US</AD_Language>
            <IsActive>Y</IsActive>
            <IsTranslated>N</IsTranslated>
        </AD_Process_Para_Trl>
    </AD_Process_Para>
</idempiere>
