<?xml version="1.0" encoding="UTF-8"?><idempiere Name="ZUGFeRDXInvoice" Version="1" idempiereVersion="" DataBaseVersion="" Description="" Author="" AuthorEmail="" CreatedDate="2024-09-11 05:54:44.378" UpdatedDate="2024-09-11 05:54:44.378" PackOutVersion="100" UpdateDictionary="false" Client="0-SYSTEM-System" AD_Client_UU="11237b53-9592-4af1-b3c5-afd216514b5d">
    <AD_Process type="table">
        <AD_Client_ID>0</AD_Client_ID>
        <AD_Org_ID>0</AD_Org_ID>
        <IsActive>Y</IsActive>
        <Name>PAT_ZUGFeRD</Name>
        <Description/>
        <Help/>
        <ProcedureName/>
        <IsReport>N</IsReport>
        <Value>PAT_ZUGFeRD</Value>
        <IsDirectPrint>N</IsDirectPrint>
        <AD_ReportView_ID reference="id"/>
        <Classname>auler.gmbh.zugferdxinvoice.process.ZUGFeRD</Classname>
        <AccessLevel>3</AccessLevel>
        <EntityType>U</EntityType>
        <Statistic_Count>47</Statistic_Count>
        <Statistic_Seconds>176</Statistic_Seconds>
        <AD_PrintFormat_ID reference="id"/>
        <WorkflowValue/>
        <AD_Workflow_ID reference="id"/>
        <IsBetaFunctionality>N</IsBetaFunctionality>
        <ShowHelp>Y</ShowHelp>
        <JasperReport/>
        <AD_Form_ID reference="id"/>
        <CopyFromProcess>N</CopyFromProcess>
        <AD_Process_UU>c22a9bc3-bda2-482b-873b-d596e13b13d5</AD_Process_UU>
        <AD_CtxHelp_ID reference="id"/>
        <ExecutionType/>
        <AllowMultipleExecution>P</AllowMultipleExecution>
        <FileNamePattern/>
        <AD_Process_Trl type="translation">
            <Description/>
            <Help/>
            <Name>PAT_ZUGFeRD</Name>
            <AD_Language>es_CO</AD_Language>
            <IsActive>Y</IsActive>
            <IsTranslated>N</IsTranslated>
        </AD_Process_Trl>
        <AD_Process_Para type="table">
            <AD_Client_ID>0</AD_Client_ID>
            <AD_Org_ID>0</AD_Org_ID>
            <IsActive>Y</IsActive>
            <Name>Bank</Name>
            <Description>Bank</Description>
            <Help>The Bank is a unique identifier of a Bank for this Organization or for a Business Partner with whom this Organization transacts.</Help>
            <AD_Process_ID reference="uuid" reference-key="AD_Process">c22a9bc3-bda2-482b-873b-d596e13b13d5</AD_Process_ID>
            <SeqNo>10</SeqNo>
            <AD_Reference_ID reference="id">18</AD_Reference_ID>
            <AD_Reference_Value_ID reference="id">52001</AD_Reference_Value_ID>
            <IsRange>N</IsRange>
            <AD_Val_Rule_ID reference="id"/>
            <FieldLength>0</FieldLength>
            <IsMandatory>Y</IsMandatory>
            <DefaultValue/>
            <VFormat/>
            <ValueMin/>
            <ValueMax/>
            <ColumnName>C_Bank_ID</ColumnName>
            <DefaultValue2/>
            <IsCentrallyMaintained>Y</IsCentrallyMaintained>
            <EntityType>U</EntityType>
            <AD_Element_ID reference="id">835</AD_Element_ID>
            <ReadOnlyLogic/>
            <DisplayLogic/>
            <AD_Process_Para_UU>eca5b431-d9e0-4802-9d73-3f2df189f205</AD_Process_Para_UU>
            <IsEncrypted>N</IsEncrypted>
            <MandatoryLogic/>
            <Query/>
            <AD_FieldGroup_ID reference="id"/>
            <Placeholder/>
            <Placeholder2/>
            <IsAutocomplete>N</IsAutocomplete>
            <DateRangeOption>D</DateRangeOption>
            <IsShowNegateButton>N</IsShowNegateButton>
            <AD_Process_Para_Trl type="translation">
                <Description>Bank</Description>
                <Help>The Bank is a unique identifier of a Bank for this Organization or for a Business Partner with whom this Organization transacts.</Help>
                <Name>Bank</Name>
                <Placeholder/>
                <Placeholder2/>
                <AD_Language>es_CO</AD_Language>
                <IsActive>Y</IsActive>
                <IsTranslated>N</IsTranslated>
            </AD_Process_Para_Trl>
        </AD_Process_Para>
        <AD_Process_Para type="table">
            <AD_Client_ID>0</AD_Client_ID>
            <AD_Org_ID>0</AD_Org_ID>
            <IsActive>Y</IsActive>
            <Name>Bank Account</Name>
            <Description>Account at the Bank</Description>
            <Help>The Bank Account identifies an account at this Bank.</Help>
            <AD_Process_ID reference="uuid" reference-key="AD_Process">c22a9bc3-bda2-482b-873b-d596e13b13d5</AD_Process_ID>
            <SeqNo>20</SeqNo>
            <AD_Reference_ID reference="id">19</AD_Reference_ID>
            <AD_Reference_Value_ID reference="id">53283</AD_Reference_Value_ID>
            <IsRange>N</IsRange>
            <AD_Val_Rule_ID reference="id">200082</AD_Val_Rule_ID>
            <FieldLength>0</FieldLength>
            <IsMandatory>Y</IsMandatory>
            <DefaultValue/>
            <VFormat/>
            <ValueMin/>
            <ValueMax/>
            <ColumnName>C_BankAccount_ID</ColumnName>
            <DefaultValue2/>
            <IsCentrallyMaintained>Y</IsCentrallyMaintained>
            <EntityType>U</EntityType>
            <AD_Element_ID reference="id">836</AD_Element_ID>
            <ReadOnlyLogic/>
            <DisplayLogic/>
            <AD_Process_Para_UU>bbff15a4-99bd-4ae6-95b0-9e53e0081137</AD_Process_Para_UU>
            <IsEncrypted>N</IsEncrypted>
            <MandatoryLogic/>
            <Query/>
            <AD_FieldGroup_ID reference="id"/>
            <Placeholder/>
            <Placeholder2/>
            <IsAutocomplete>N</IsAutocomplete>
            <DateRangeOption>D</DateRangeOption>
            <IsShowNegateButton>N</IsShowNegateButton>
            <AD_Process_Para_Trl type="translation">
                <Description>Account at the Bank</Description>
                <Help>The Bank Account identifies an account at this Bank.</Help>
                <Name>Bank Account</Name>
                <Placeholder/>
                <Placeholder2/>
                <AD_Language>es_CO</AD_Language>
                <IsActive>Y</IsActive>
                <IsTranslated>N</IsTranslated>
            </AD_Process_Para_Trl>
        </AD_Process_Para>
    </AD_Process>
    <AD_ToolBarButton type="table">
        <AD_Client_ID>0</AD_Client_ID>
        <AD_Org_ID>0</AD_Org_ID>
        <ComponentName>PAT_ZUGFeRDXInvoice</ComponentName>
        <IsActive>Y</IsActive>
        <Name>PAT_ZUGFeRDXInvoice</Name>
        <IsCustomization>Y</IsCustomization>
        <ActionClassName>gmbh.auler.zugferdxinvoice.toolbaraction</ActionClassName>
        <ActionName/>
        <KeyStroke_KeyCode>0</KeyStroke_KeyCode>
        <KeyStroke_Modifiers>0</KeyStroke_Modifiers>
        <AD_ToolBarButton_UU>24d73c69-a820-4e10-aaa2-dbe097d729c9</AD_ToolBarButton_UU>
        <Action>W</Action>
        <AD_Tab_ID reference="id"/>
        <AD_Process_ID reference="id"/>
        <DisplayLogic>(@DocBaseType@='ARI' | @DocBaseType@='ARC' | @DocBaseType@='API' | @DocBaseType@='APC') &amp; (@DocStatus@='CO' | @DocStatus@='CL')</DisplayLogic>
        <SeqNo>0</SeqNo>
        <IsAdvancedButton>N</IsAdvancedButton>
        <IsAddSeparator>N</IsAddSeparator>
        <ReadOnlyLogic/>
        <PressedLogic/>
        <EntityType>U</EntityType>
        <IsShowMore>N</IsShowMore>
    </AD_ToolBarButton>
</idempiere>
