<?xml version="1.0" encoding="UTF-8"?><idempiere Name="11.0.3" Version="1.0.3" idempiereVersion="" DataBaseVersion="" Description="" Author="" AuthorEmail="" CreatedDate="2024-10-22 13:22:16.682" UpdatedDate="2024-10-22 13:22:16.682" PackOutVersion="100" UpdateDictionary="false" Client="0-SYSTEM-System" AD_Client_UU="11237b53-9592-4af1-b3c5-afd216514b5d">
    <AD_Message type="table">
        <AD_Client_ID>0</AD_Client_ID>
        <AD_Org_ID>0</AD_Org_ID>
        <MsgType>E</MsgType>
        <MsgText>Document not posted!</MsgText>
        <MsgTip/>
        <IsActive>Y</IsActive>
        <Value>PAT_DocumentNotPosted</Value>
        <EntityType>U</EntityType>
        <AD_Message_UU>83aae3e4-c06a-4b0b-967b-b3f821284dc4</AD_Message_UU>
        <AD_Message_Trl type="translation">
            <MsgText>Document not posted!</MsgText>
            <MsgTip/>
            <AD_Language>de_DE</AD_Language>
            <IsActive>Y</IsActive>
            <IsTranslated>N</IsTranslated>
        </AD_Message_Trl>
        <AD_Message_Trl type="translation">
            <MsgText>Document not posted!</MsgText>
            <MsgTip/>
            <AD_Language>en_US</AD_Language>
            <IsActive>Y</IsActive>
            <IsTranslated>Y</IsTranslated>
        </AD_Message_Trl>
    </AD_Message>
    <AD_Message type="table">
        <AD_Client_ID>0</AD_Client_ID>
        <AD_Org_ID>0</AD_Org_ID>
        <MsgType>E</MsgType>
        <MsgText>Check your Bankdetails!</MsgText>
        <MsgTip/>
        <IsActive>Y</IsActive>
        <Value>PAT_InvalidBank</Value>
        <EntityType>U</EntityType>
        <AD_Message_UU>8bddf6be-848e-42f4-be6e-4cba35203e00</AD_Message_UU>
        <AD_Message_Trl type="translation">
            <MsgText>Check your Bankdetails!</MsgText>
            <MsgTip/>
            <AD_Language>de_DE</AD_Language>
            <IsActive>Y</IsActive>
            <IsTranslated>N</IsTranslated>
        </AD_Message_Trl>
        <AD_Message_Trl type="translation">
            <MsgText>Check your Bankdetails!</MsgText>
            <MsgTip/>
            <AD_Language>en_US</AD_Language>
            <IsActive>Y</IsActive>
            <IsTranslated>Y</IsTranslated>
        </AD_Message_Trl>
    </AD_Message>
    <AD_Message type="table">
        <AD_Client_ID>0</AD_Client_ID>
        <AD_Org_ID>0</AD_Org_ID>
        <MsgType>E</MsgType>
        <MsgText>No valid ZUGFeRD-File</MsgText>
        <MsgTip/>
        <IsActive>Y</IsActive>
        <Value>PAT_InvalidFile</Value>
        <EntityType>U</EntityType>
        <AD_Message_UU>12584d40-95ae-4103-a351-ecfa48ae242a</AD_Message_UU>
        <AD_Message_Trl type="translation">
            <MsgText>No valid ZUGFeRD-File</MsgText>
            <MsgTip/>
            <AD_Language>de_DE</AD_Language>
            <IsActive>Y</IsActive>
            <IsTranslated>N</IsTranslated>
        </AD_Message_Trl>
        <AD_Message_Trl type="translation">
            <MsgText>No valid ZUGFeRD-File</MsgText>
            <MsgTip/>
            <AD_Language>en_US</AD_Language>
            <IsActive>Y</IsActive>
            <IsTranslated>Y</IsTranslated>
        </AD_Message_Trl>
    </AD_Message>
    <AD_Message type="table">
        <AD_Client_ID>0</AD_Client_ID>
        <AD_Org_ID>0</AD_Org_ID>
        <MsgType>E</MsgType>
        <MsgText>ZUGFeRD Invoice already created</MsgText>
        <MsgTip/>
        <IsActive>Y</IsActive>
        <Value>PAT_ZugFerdExists</Value>
        <EntityType>U</EntityType>
        <AD_Message_UU>dd580ff9-5e76-443d-b9a3-0f9d5907bf12</AD_Message_UU>
        <AD_Message_Trl type="translation">
            <MsgText>ZUGFeRD-Rechnung bereits erstellt</MsgText>
            <MsgTip/>
            <AD_Language>de_DE</AD_Language>
            <IsActive>Y</IsActive>
            <IsTranslated>N</IsTranslated>
        </AD_Message_Trl>
        <AD_Message_Trl type="translation">
            <MsgText>ZUGFeRD Invoice already created</MsgText>
            <MsgTip/>
            <AD_Language>en_US</AD_Language>
            <IsActive>Y</IsActive>
            <IsTranslated>N</IsTranslated>
        </AD_Message_Trl>
    </AD_Message>
    <AD_Message type="table">
        <AD_Client_ID>0</AD_Client_ID>
        <AD_Org_ID>0</AD_Org_ID>
        <MsgType>E</MsgType>
        <MsgText>ZUGFeRD Invoice created</MsgText>
        <MsgTip/>
        <IsActive>Y</IsActive>
        <Value>PAT_ZugFerdCreated</Value>
        <EntityType>U</EntityType>
        <AD_Message_UU>9f2d0109-3b8b-4fae-a574-5e5cd26ffc23</AD_Message_UU>
        <AD_Message_Trl type="translation">
            <MsgText>ZUGFeRD Invoice created</MsgText>
            <MsgTip/>
            <AD_Language>de_DE</AD_Language>
            <IsActive>Y</IsActive>
            <IsTranslated>N</IsTranslated>
        </AD_Message_Trl>
        <AD_Message_Trl type="translation">
            <MsgText>ZUGFeRD Invoice created</MsgText>
            <MsgTip/>
            <AD_Language>en_US</AD_Language>
            <IsActive>Y</IsActive>
            <IsTranslated>Y</IsTranslated>
        </AD_Message_Trl>
    </AD_Message>
    <AD_Message type="table">
        <AD_Client_ID>0</AD_Client_ID>
        <AD_Org_ID>0</AD_Org_ID>
        <MsgType>E</MsgType>
        <MsgText>No valid ZUGFeRD Invoice found</MsgText>
        <MsgTip/>
        <IsActive>Y</IsActive>
        <Value>PAT_NoFiles</Value>
        <EntityType>U</EntityType>
        <AD_Message_UU>354cad6d-85a1-4c6a-9246-a82a1b770ee2</AD_Message_UU>
        <AD_Message_Trl type="translation">
            <MsgText>No valid ZUGFeRD Invoice found</MsgText>
            <MsgTip/>
            <AD_Language>de_DE</AD_Language>
            <IsActive>Y</IsActive>
            <IsTranslated>N</IsTranslated>
        </AD_Message_Trl>
        <AD_Message_Trl type="translation">
            <MsgText>No valid ZUGFeRD Invoice found</MsgText>
            <MsgTip/>
            <AD_Language>en_US</AD_Language>
            <IsActive>Y</IsActive>
            <IsTranslated>Y</IsTranslated>
        </AD_Message_Trl>
    </AD_Message>
    <AD_Message type="table">
        <AD_Client_ID>0</AD_Client_ID>
        <AD_Org_ID>0</AD_Org_ID>
        <MsgType>I</MsgType>
        <MsgText>ZUGFeRD Invoice</MsgText>
        <MsgTip/>
        <IsActive>Y</IsActive>
        <Value>gmbh.auler.zugferdxinvoice.toolbaraction.label</Value>
        <EntityType>U</EntityType>
        <AD_Message_UU>48765937-049a-4f2d-b3fa-e98f8cffaa0b</AD_Message_UU>
        <AD_Message_Trl type="translation">
            <MsgText>ZUGFeRD Invoice</MsgText>
            <MsgTip/>
            <AD_Language>de_DE</AD_Language>
            <IsActive>Y</IsActive>
            <IsTranslated>N</IsTranslated>
        </AD_Message_Trl>
        <AD_Message_Trl type="translation">
            <MsgText>ZUGFeRD Invoice</MsgText>
            <MsgTip/>
            <AD_Language>en_US</AD_Language>
            <IsActive>Y</IsActive>
            <IsTranslated>Y</IsTranslated>
        </AD_Message_Trl>
    </AD_Message>
    <AD_Message type="table">
        <AD_Client_ID>0</AD_Client_ID>
        <AD_Org_ID>0</AD_Org_ID>
        <MsgType>I</MsgType>
        <MsgText>Generate and view an invoice in ZUGFeRD format.</MsgText>
        <MsgTip/>
        <IsActive>Y</IsActive>
        <Value>gmbh.auler.zugferdxinvoice.toolbaraction.tooltip</Value>
        <EntityType>U</EntityType>
        <AD_Message_UU>6596d4f5-ef6a-443c-affd-1fd8d8d03128</AD_Message_UU>
        <AD_Message_Trl type="translation">
            <MsgText>Generate and view an invoice in ZUGFeRD format.</MsgText>
            <MsgTip/>
            <AD_Language>de_DE</AD_Language>
            <IsActive>Y</IsActive>
            <IsTranslated>N</IsTranslated>
        </AD_Message_Trl>
        <AD_Message_Trl type="translation">
            <MsgText>Generate and view an invoice in ZUGFeRD format.</MsgText>
            <MsgTip/>
            <AD_Language>en_US</AD_Language>
            <IsActive>Y</IsActive>
            <IsTranslated>Y</IsTranslated>
        </AD_Message_Trl>
    </AD_Message>
</idempiere>
