<?xml version="1.0" encoding="UTF-8"?><idempiere Name="auler.gmbh.zugferdxinvoice" Version="11.0.5" idempiereVersion="" DataBaseVersion="" Description="" Author="" AuthorEmail="" CreatedDate="2025-02-28 09:43:18.545" UpdatedDate="2025-02-28 09:51:29.954" PackOutVersion="100" UpdateDictionary="false" Client="0-SYSTEM-System" AD_Client_UU="11237b53-9592-4af1-b3c5-afd216514b5d">
    <AD_Process type="table">
        <AD_Client_ID>0</AD_Client_ID>
        <AD_Org_ID>0</AD_Org_ID>
        <IsActive>Y</IsActive>
        <Name>ZUGFeRDFileExport</Name>
        <Description/>
        <Help/>
        <ProcedureName/>
        <IsReport>N</IsReport>
        <Value>ZUGFeRDFileExport</Value>
        <IsDirectPrint>N</IsDirectPrint>
        <AD_ReportView_ID reference="id"/>
        <Classname>auler.gmbh.zugferdxinvoice.process.ZUGFeRDFileExport</Classname>
        <AccessLevel>3</AccessLevel>
        <EntityType>U</EntityType>
        <Statistic_Count>21</Statistic_Count>
        <Statistic_Seconds>841</Statistic_Seconds>
        <AD_PrintFormat_ID reference="id"/>
        <WorkflowValue/>
        <AD_Workflow_ID reference="id"/>
        <IsBetaFunctionality>N</IsBetaFunctionality>
        <ShowHelp>Y</ShowHelp>
        <JasperReport/>
        <AD_Form_ID reference="id"/>
        <CopyFromProcess>N</CopyFromProcess>
        <AD_Process_UU>5f2cc06b-83fb-4b63-98e0-25bc96d2e204</AD_Process_UU>
        <AD_CtxHelp_ID reference="id"/>
        <ExecutionType/>
        <AllowMultipleExecution>P</AllowMultipleExecution>
        <FileNamePattern/>
        <AD_Process_Trl type="translation">
            <Description/>
            <Help/>
            <Name>Zugferd</Name>
            <AD_Language>en_US</AD_Language>
            <IsActive>Y</IsActive>
            <IsTranslated>N</IsTranslated>
        </AD_Process_Trl>
        <AD_Process_Trl type="translation">
            <Description/>
            <Help/>
            <Name>Zugferd</Name>
            <AD_Language>de_DE</AD_Language>
            <IsActive>Y</IsActive>
            <IsTranslated>N</IsTranslated>
        </AD_Process_Trl>
    </AD_Process>
    <AD_Message type="table">
        <AD_Client_ID>0</AD_Client_ID>
        <AD_Org_ID>0</AD_Org_ID>
        <MsgType>E</MsgType>
        <MsgText>No Default Bankaccount is set</MsgText>
        <MsgTip/>
        <IsActive>Y</IsActive>
        <Value>NoDefaultBankaccount</Value>
        <EntityType>U</EntityType>
        <AD_Message_UU>22575e6e-be0f-47bf-befa-b89b8da6ea10</AD_Message_UU>
        <AD_Message_Trl type="translation">
            <MsgText>Kein Standard Bankkonto ist gesetzt</MsgText>
            <MsgTip/>
            <AD_Language>de_DE</AD_Language>
            <IsActive>Y</IsActive>
            <IsTranslated>N</IsTranslated>
        </AD_Message_Trl>
        <AD_Message_Trl type="translation">
            <MsgText>No Default Bankaccount is set</MsgText>
            <MsgTip/>
            <AD_Language>en_US</AD_Language>
            <IsActive>Y</IsActive>
            <IsTranslated>Y</IsTranslated>
        </AD_Message_Trl>
    </AD_Message>
</idempiere>
